ORI,pi^2,1.2665604082039572,4.055029095860016,0.6652546610877128
ORI,pi^3,0.9272592562767918,2.9341920464809754,0.37510972530286835
ORI,pi^4,1.0592195127318822,3.4226661289864073,0.35129843913293807
ORI,pi^5,1.0460289306467951,3.5455333912793265,0.1581658862499923
ORI,pi^6,1.1651474547037783,4.240879230040715,0.13181337188078412
ORI,gamma,0.2409896790418307,1.5718168439248932,0.1769626620202792
ORI,delta,0.26795014927213395,2.1835910852010687,-0.011519120429123076
ORI,eta,0.5089177964581585,3.2576327257162623,-0.13722864420596112
ORI,tau,0.6392342418413641,3.415716314924745,-0.4174465714488708
ORI,beta,0.01950720926987731,0.09703627496561015,-0.014262893370551165
ORI,kappa,0.10519025801256744,1.9687943650837645,-0.335832931133424
ORI,zeta,0.16754870147446577,1.991807217153666,-0.06805470100433489
ORI,alpha,0.01672984808046228,0.7931605112060431,0.10303647726205022
ORI,lambda,0.38399434567090657,3.5251808658921453,0.6210058012938995
ORI,gamma,0.2409896790418307,1.5718168439248932,0.1769626620202792
ORI,,,,
ORI,zeta,0.16754870147446577,1.991807217153666,-0.06805470100433489
ORI,epsilon,0.1658206268902968,1.5910313454562257,-0.033507871813371136
ORI,delta,0.26795014927213395,2.1835910852010687,-0.011519120429123076
ORI,,,,
ORI,alpha,0.01672984808046228,0.7931605112060431,0.10303647726205022
ORI,mu,-0.04203263921913342,4.041766971919252,0.6872794205728531
ORI,nu,-0.14075540762394048,4.252346522087675,1.1214887299092569
ORI,chi^1,0.10114616273176312,4.126358346849641,1.524118186739118
ORI,,,,
ORI,mu,-0.04203263921913342,4.041766971919252,0.6872794205728531
ORI,xi,-0.22198676851602056,4.25946413683917,1.080595734576426
ORI,chi^2,-0.07380552749134096,4.318283383496902,1.583344992074143
ORI,,,,
GEM,alpha,-0.6778449591356273,1.547842171325001,1.051099816402955
GEM,rho,-1.343863149668755,3.2800730609907673,2.196372588957764
GEM,tau,-1.1584812360171182,3.6109540667434783,2.2115677592298604
GEM,epsilon,-0.5157302486422026,2.6573296346079056,1.2699297317844278
GEM,mu,-0.2670848191767523,2.6562957478664306,1.1067333008598064
GEM,eta,-0.19164260922945542,2.9501965748069825,1.2245869835682874
GEM,,,,
GEM,epsilon,-0.5157302486422026,2.6573296346079056,1.2699297317844278
GEM,nu,-0.49089854602940225,3.8632642667635038,1.4341226665297746
GEM,,,,
GEM,kappa,-1.4269325616643798,2.911124668464404,1.4706517701753685
GEM,upsilon,-1.471708409089455,3.308100383906946,1.8368849198058377
GEM,iota,-1.2218554356547222,3.112475953357624,1.7629415004847884
GEM,tau,-1.1584812360171182,3.6109540667434783,2.2115677592298604
GEM,theta,-0.6815767183300465,2.9068687744090447,2.011359516694145
GEM,,,,
GEM,beta,-0.45028350215316,0.9099128771317225,0.5401882298963535
GEM,upsilon,-1.471708409089455,3.308100383906946,1.8368849198058377
GEM,delta,-1.1211155385372433,3.075367105042649,1.3214072492884028
GEM,zeta,-1.072888639220874,3.734431912307753,1.4578848583369823
GEM,gamma,-0.30332384831936987,1.8264604878620465,0.5449190117067515
GEM,,,,
GEM,delta,-1.1211155385372433,3.075367105042649,1.3214072492884028
GEM,lambda,-1.143827275386274,3.225594135674566,1.0159240306165915
GEM,xi,-0.6412494765721989,3.201868644218004,0.7478878886366871
GEM,,,,
CNC,iota,-2.3488704907803717,2.638632011010152,1.9394144807167177
CNC,gamma,-2.8409908952937144,3.2889009853160034,1.7090351200737937
CNC,delta,-2.45841853043248,2.8111152933446637,1.2242177652484663
CNC,beta,-1.9495279382248576,2.8762853623068625,0.5627817806752586
CNC,8,-2.5830052046401217,4.253871413896824,1.159638782911937
CNC,gamma,-2.8409908952937144,3.2889009853160034,1.7090351200737937
CNC,,,,
CNC,delta,-2.45841853043248,2.8111152933446637,1.2242177652484663
CNC,alpha,-2.9077036310039115,2.9464455798833056,0.8698379383728927
CNC,,,,
CMI,alpha,-0.1505152877029488,0.3253720012683564,0.032836092312015924
CMI,beta,-1.061477349856599,2.6555627687390286,0.4163558778599328
CMI,,,,
CMA,iota,-1.0157056276357286,4.062445374371821,-1.2842428346049315
CMA,theta,-0.9302729382823272,3.8600244794844056,-0.8475867377918955
CMA,gamma,-1.0868094243651785,3.8058184302728364,-1.1075609919578417
CMA,iota,-1.0157056276357286,4.062445374371821,-1.2842428346049315
CMA,alpha,0.2755666480044896,-1.3806438822961562,0.422830335697153
CMA,nu^3,-0.689512107425299,4.131432899865593,-1.3798316011825886
CMA,nu,-0.5928426238234207,3.6721636149871135,-1.2989811423353819
CMA,beta,-0.18626317224087566,1.874393142931497,-0.6102101084037781
CMA,,,,
CMA,alpha,0.2755666480044896,-1.3806438822961562,0.422830335697153
CMA,omicron^2,-0.7527171597349187,2.667447443885946,-1.2243533034001792
CMA,delta,-0.48461069422316116,1.5752516804255676,-0.8181287297002665
CMA,epsilon,-0.33209645163185625,1.269637624815025,-0.7264518211606273
CMA,omicron,-0.8239019954743997,3.423025416334207,-1.582302910628471
CMA,nu,-0.5928426238234207,3.6721636149871135,-1.2989811423353819
CMA,xi,-0.5516825140089364,3.9441565633522986,-1.7247827131270086
CMA,,,,
CMA,delta,-0.48461069422316116,1.5752516804255676,-0.8181287297002665
CMA,omega,-1.0935080427748358,3.2306294183037862,-1.7203702281709268
CMA,eta,-0.7632752176888905,1.9862407744593817,-1.1940931822671847
CMA,,,,
CMA,epsilon,-0.33209645163185625,1.269637624815025,-0.7264518211606273
CMA,zeta,-0.2312012838890437,2.6033910347097486,-1.5130436499721218
CMA,,,,
CMA,epsilon,-0.33209645163185625,1.269637624815025,-0.7264518211606273
CMA,kappa,-0.7167284768720785,3.244114273507249,-2.11792891072084
CMA,,,,
MON,15,-0.8145024235992904,4.50800023493219,0.7981351287859703
MON,13,-0.6356695719155631,4.397650777644529,0.5718319973761125
MON,8,-0.45812990830566164,4.401922503257785,0.35608322402013354
MON,18,-0.9239370548939142,4.359249820567489,0.1867654156322303
MON,delta,-1.2767044627969295,3.9380604988529115,-0.03612785696326809
MON,28,-2.360778428719677,4.039313181933949,-0.11434259375441674
MON,zeta,-2.306347069021815,3.669515468627507,-0.22587479433953725
MON,,,,
MON,13,-0.6356695719155631,4.397650777644529,0.5718319973761125
MON,18,-0.9239370548939142,4.359249820567489,0.1867654156322303
MON,,,,
MON,28,-2.360778428719677,4.039313181933949,-0.11434259375441674
MON,alpha,-1.657004684362793,3.503442050711084,-0.6520193810839338
MON,,,,
MON,delta,-1.2767044627969295,3.9380604988529115,-0.03612785696326809
MON,beta,-0.5725242016766788,4.529344622946452,-0.5632524523519997
MON,gamma,-0.25579999926201297,3.937852258914184,-0.43449504869677646
MON,,,,
LEP,mu,0.6501531259603085,3.1211794206406567,-0.9262504720502409
LEP,alpha,0.2915134041982666,2.4386734144202777,-0.7901214545704237
LEP,zeta,0.19474970912203532,3.4164825001939363,-0.9062670007594202
LEP,eta,0.056501899729447295,3.5967268062879567,-0.9079998988197077
LEP,theta,-0.1213887433167835,4.510293452418236,-1.2047480010646068
LEP,delta,0.13379174443175373,3.5295411769909264,-1.3464170412793401
LEP,gamma,0.22533274454521413,3.319528174709573,-1.3747573791564287
LEP,beta,0.36674488691785617,2.6303396774404435,-1.0061865479135128
LEP,alpha,0.2915134041982666,2.4386734144202777,-0.7901214545704237
LEP,,,,
LEP,beta,0.36674488691785617,2.6303396774404435,-1.0061865479135128
LEP,epsilon,0.6953391704474091,2.8668885221654556,-1.2139001769163216
LEP,mu,0.6501531259603085,3.1211794206406567,-0.9262504720502409
LEP,,,,
LEP,mu,0.6501531259603085,3.1211794206406567,-0.9262504720502409
LEP,lambda,0.7330942992358837,4.112102975629608,-0.9784078220486441
LEP,,,,
LEP,mu,0.6501531259603085,3.1211794206406567,-0.9262504720502409
LEP,kappa,0.8610594103672159,4.160948626122566,-0.9770789234175518
LEP,,,,
SEX,alpha,-3.9637400631876356,2.1090374779981564,-0.028733741149671532
SEX,beta,-4.677075391994996,1.930139248368121,-0.05593084572748324
SEX,gamma,-4.245687761973909,2.640138308368161,-0.7115512212847923
SEX,alpha,-3.9637400631876356,2.1090374779981564,-0.028733741149671532
SEX,,,,
PYX,beta,-2.0837570060373207,2.4811259402826193,-2.294094768802516
PYX,alpha,-2.0214475706720916,2.3339657131420903,-2.0205082946875104
PYX,gamma,-2.4047195832902735,2.6120616049692327,-1.8640166033557244
PYX,,,,
TRI,alpha,2.6117432929678808,1.40456416984736,1.6834774915092534
TRI,beta,2.0757052007270413,1.3164358445218511,1.7200129612688253
TRI,gamma,2.743340950465838,1.8734272619264491,2.2280822973507868
TRI,alpha,2.6117432929678808,1.40456416984736,1.6834774915092534
TRI,,,,
ARI,gamma,3.9446902367343024,2.131032163426097,1.5686366228851594
ARI,beta,2.157316517618092,1.1792615269297966,0.9339313111334004
ARI,alpha,1.567334605981742,0.9714728094063962,0.7998767489282966
ARI,41,2.365984497332187,2.167709348618922,1.653860193091872
ARI,,,,
LEO,beta,-2.0591868344025834,0.0983093496211556,0.5357096721173997
LEO,delta,-2.3496948201611128,0.47698322312008085,0.8972297682143723
LEO,60,-4.008857808379009,1.0305427138566106,1.5215586702837662
LEO,gamma,-1.619617894043507,0.75538339547128,0.6451618425948287
LEO,zeta,-2.8331562847785294,1.3711269772771133,1.3631347248907004
LEO,mu,-2.970796610567872,1.8425706633940457,1.7062827576454231
LEO,kappa,-3.1175379680873125,2.5099265522465535,1.967949623303848
LEO,lambda,-3.165924547955291,2.391837601880866,1.6828947212713194
LEO,epsilon,-2.265624756552434,1.501717425861172,1.1969499719543928
LEO,eta,-2.979672796259126,1.5954555592397615,1.0183180179709381
LEO,theta,-3.1556272436031954,0.6384356727527017,0.8888287749539303
LEO,delta,-2.3496948201611128,0.47698322312008085,0.8972297682143723
LEO,,,,
LEO,epsilon,-2.265624756552434,1.501717425861172,1.1969499719543928
LEO,mu,-2.970796610567872,1.8425706633940457,1.7062827576454231
LEO,,,,
LEO,omicron,-2.8180321237085377,1.9522080273163451,0.5983132689723453
LEO,eta,-2.979672796259126,1.5954555592397615,1.0183180179709381
LEO,alpha,-1.1670658677364674,0.6181470882234539,0.2799132681481751
LEO,31,-3.7989802238997163,2.0220799349585725,0.7588425364044855
LEO,,,,
LEO,rho,-3.5277863869349355,1.41071678122864,0.6221747112479403
LEO,theta,-3.1556272436031954,0.6384356727527017,0.8888287749539303
LEO,iota,-3.8354494428880734,0.6086191264837624,0.7220874807997353
LEO,sigma,-3.950185215691962,0.6764004555169544,0.4235790191984394
LEO,,,,
LMI,beta,-3.0990908850231214,1.3173485062345776,2.5100256172971886
LMI,46,-3.018064873996649,0.9040279204586964,2.142456052146395
LMI,21,-3.2260549557744285,1.7255688963660638,2.5856104513668066
LMI,beta,-3.0990908850231214,1.3173485062345776,2.5100256172971886
LMI,,,,
LYN,alpha,-1.9923200121243434,1.6562601772908616,1.773996390754305
LYN,38,-2.326517786961224,1.9724487788687906,2.2831690260889723
LYN,31,-1.8082449532178222,2.5156663269721182,2.9093252001969265
LYN,21,-1.0979054389563776,2.7618368036568706,3.445193915743554
LYN,15,-0.5633695522931188,2.2075047963289856,3.705676364947912
LYN,2,-0.19583945009768336,2.2824211183671035,3.815062351812523
LYN,,,,
VIR,nu,-3.9963324244863134,0.24705129551087307,0.4573760054766109
VIR,beta,-3.6053135984866325,0.14638003266234673,0.1112957438770196
VIR,eta,-3.8651209016590102,-0.3364552807777123,-0.04514708844911139
VIR,gamma,-3.618190737697778,-0.6651498304920261,-0.09312082814514915
VIR,delta,-3.265612805203552,-0.8081577681494739,0.19888194556130862
VIR,epsilon,-2.6766773073765706,-0.7446147744620992,0.5383748042284956
VIR,,,,
VIR,gamma,-3.618190737697778,-0.6651498304920261,-0.09312082814514915
VIR,theta,-4.14860811565182,-1.30705572136931,-0.42137399538130976
VIR,alpha,-0.8867068992218676,-0.34563823122873993,-0.18757688553073057
VIR,iota,-3.363779001569652,-2.2692529473433947,-0.4264761301320261
VIR,mu,-2.924522430278273,-2.52104169196214,-0.3819912854869001
VIR,,,,
VIR,theta,-4.14860811565182,-1.30705572136931,-0.42137399538130976
VIR,zeta,-3.077046699013388,-1.3491277234456418,-0.03518519463058586
VIR,tau,-3.6726504706538896,-2.1554490389734906,0.11523003425331338
VIR,109,-2.7893729289324427,-2.47325790960811,0.123668815389203
VIR,,,,
VEL,mu,-1.654666360656154,0.5474957885423426,-2.0358604069143142
VEL,psi,-2.1658346876871915,1.6514175369089972,-2.3234414613672425
VEL,lambda,-1.1896435925680076,1.109360791289439,-1.540021674331746
VEL,gamma,-0.6640446694262951,1.0470399902730319,-1.3459762017864847
VEL,delta,-0.7416122868846043,0.8477585645975423,-1.5917966679489255
VEL,kappa,-1.1020416451917336,0.9075112606469804,-2.0401047826182914
VEL,phi,-1.7624586144131815,1.0499413138280926,-2.884954569832549
VEL,mu,-1.654666360656154,0.5474957885423426,-2.0358604069143142
VEL,,,,
CEN,alpha,-0.12338028599344178,-0.10316193169895775,-0.2881578055099603
CEN,beta,-0.25864548065357673,-0.15515400569241045,-0.5302167008451165
CEN,epsilon,-1.241180900577498,-0.5780030385639761,-1.8480753392252278
CEN,zeta,-1.5082520199169585,-0.8320277365066518,-1.8666830716808982
CEN,upsilon^1,-2.379822580990738,-1.3558220664874634,-2.719888050459475
CEN,mu,-2.2718656144286857,-1.1778325594301429,-2.3435522379334346
CEN,nu,-2.2615081830660992,-1.171002879948143,-2.267693319890991
CEN,theta,-1.4183121760944724,-0.8749704230714411,-1.2278914161652672
CEN,,,,
CEN,kappa,-1.6482531141583412,-1.6360717865066725,-2.098435317341041
CEN,eta,-1.339069486792385,-1.0795287027456284,-1.556891354427122
CEN,mu,-2.2718656144286857,-1.1778325594301429,-2.3435522379334346
CEN,iota,-2.0695362785640916,-0.7592207668986718,-1.644111741584763
CEN,,,,
CEN,zeta,-1.5082520199169585,-0.8320277365066518,-1.8666830716808982
CEN,gamma,-1.3948315015824746,-0.25547509350884245,-1.6293488143395902
CEN,sigma,-2.488722133551208,-0.30612780970766856,-3.013129254794077
CEN,delta,-1.6324565789859369,-0.05950298520039562,-1.9969839539860539
CEN,pi,-2.220611192655084,0.3814044032586113,-3.158768211222518
CEN,lambda,-1.4122564891391305,0.14978410879400803,-2.7892644782517846
CEN,,,,
CRT,theta,-4.656484336680453,0.4753832785303737,-0.8084951210386546
CRT,epsilon,-4.667563518077678,0.7264004703782808,-0.9068038163486807
CRT,delta,-3.3883679122285217,0.6076289398875646,-0.9073863360174896
CRT,alpha,-3.7314733841992447,1.0039183136138536,-1.2779492957873382
CRT,beta,-4.0283823678586,0.8626907763361112,-1.7345893239468915
CRT,gamma,-3.8228455552338665,0.59038472857932,-1.2332468256958902
CRT,zeta,-4.470100574169761,0.29755690744324703,-1.4859544890877294
CRT,eta,-4.939375240302044,0.08585794875862494,-1.5245001305759498
CRT,,,,
CRT,gamma,-3.8228455552338665,0.59038472857932,-1.2332468256958902
CRT,delta,-3.3883679122285217,0.6076289398875646,-0.9073863360174896
ANT,,,,
ANT,iota,-3.520682274284716,0.9976352470233418,-2.77085189741965
ANT,alpha,-3.337366009511228,1.4309712721715102,-2.1890430184852363
ANT,theta,-3.508553562179202,2.362096645885925,-2.2268703008514206
ANT,epsilon,-2.8828209519137697,2.22709277068068,-2.641855626257582
ANT,alpha,-3.337366009511228,1.4309712721715102,-2.1890430184852363
ANT,,,,
HYA,pi,-2.4810360973625354,-1.5260949886364341,-1.4639309987983862
HYA,gamma,-2.5785613400197875,-0.9247399733083672,-1.1731484976425612
HYA,beta,-3.550748019148014,0.11003562670410102,-2.3871490664330737
HYA,xi,-2.9861480104310263,0.35343390791627394,-1.8680483217877035
HYA,nu,-2.847023168264122,0.9029014416480038,-0.8667918239331036
HYA,mu,-3.34451908501412,1.4527927264773401,-1.1043936725058014
HYA,lambda,-3.1319445141086564,1.6202684996918484,-0.7731452317973756
HYA,upsilon^1,-3.356123115865741,2.107673008320936,-1.050786429845286
HYA,alpha,-1.5402521195008632,1.2078929611457976,-0.2983588490183175
HYA,iota,-3.1762314370772695,2.2271202764170663,-0.07674068343473685
HYA,theta,-2.907678907647823,2.5642160914813554,0.1568413408768259
HYA,zeta,-2.142916116014332,2.230712643333405,0.3223842778401957
HYA,epsilon,-2.2276001351004893,2.500569970910254,0.37662641792919016
HYA,delta,-2.615717487617434,3.182538285275696,0.4111837639386655
HYA,sigma,-2.82441095693943,3.4030266067699806,0.25886803575583167
HYA,eta,-2.7987605140450453,3.2414412587566312,0.2531761265454047
HYA,zeta,-2.142916116014332,2.230712643333405,0.3223842778401957
HYA,,,,
PUP,rho,-1.3528788372146863,2.174548496057902,-1.1563553476803559
PUP,xi,-1.395009165126728,2.7003709482522438,-1.4087037201085644
PUP,zeta,-0.8850320590743846,1.4790250857000269,-1.4462721217947134
PUP,pi,-0.7113114064263418,2.0326085662396176,-1.6286615669122628
PUP,sigma,-0.8950686210070835,2.1814993599160157,-2.2220514634846986
PUP,zeta,-0.8850320590743846,1.4790250857000269,-1.4462721217947134
PUP,,,,
PUP,sigma,-0.8950686210070835,2.1814993599160157,-2.2220514634846986
PUP,L2,-0.992550076957064,2.983686051227808,-3.1062617231072367
PUP,nu,-0.37917991621952896,2.280149893390522,-2.1693406958813406
PUP,tau,-0.4004833614069026,1.8089542482658714,-2.2569221530476153
PUP,L2,-0.992550076957064,2.983686051227808,-3.1062617231072367
PUP,,,,
COL,delta,-0.3087696895188657,3.189676657760402,-2.115708887766192
COL,gamma,0.0380461847808633,3.558890728507916,-2.5184219802018917
COL,beta,0.09943781807816028,2.5215054230948635,-1.8177520517493706
COL,alpha,0.19315892834915288,2.169647066270957,-1.4738457301294585
COL,epsilon,0.39371283149994857,3.1183831733873597,-2.240597373524943
COL,,,,
COL,beta,0.09943781807816028,2.5215054230948635,-1.8177520517493706
COL,eta,0.010746364437329639,2.8974306678557147,-2.6846377857395525
COL,,,,
CAR,alpha,0.045529767396715326,-0.4340974305860557,0.572613710139205
CAR,chi,-1.0161211011351359,1.8184450207879232,-2.7626718252806515
CAR,epsilon,-0.5558404268086176,0.7755551940551279,-1.6198628216300683
CAR,iota,-0.8714103240431207,0.7501928999805212,-1.933999653559917
CAR,q,-1.465773685237457,0.7063513858041887,-2.9739998694414744
CAR,p,-1.4514184597604014,0.5862313804561312,-2.9051191409708554
CAR,theta,-1.1264786396355801,0.39365981326925786,-2.4887100726805413
CAR,omega,-1.0109745936479353,0.5054309189270783,-3.111040012148819
CAR,beta,-0.434836562854374,0.38742524530272476,-1.5758232270489978
CAR,upsilon,-1.1108413477536645,0.7276066571460633,-2.856417345661791
CAR,L,-1.3055810643077492,0.8703027063487464,-3.01629429662344
CAR,iota,-0.8714103240431207,0.7501928999805212,-1.933999653559917
CAR,,,,
CAS,epsilon,1.3117332171672862,0.7151803153368488,3.0207239336845477
CAS,delta,1.2383459256683216,0.486653562540841,2.3263851096598294
CAS,gamma,1.2187850176016846,0.30783423835397083,2.2415845205047904
CAS,alpha,1.205142942297368,0.21530173221413065,1.8519383501446365
CAS,,,,
CAS,gamma,1.2187850176016846,0.30783423835397083,2.2415845205047904
CAS,kappa,1.8733251281238965,0.2716192166822486,3.7043860443356214
CAS,beta,1.1631074403159507,0.04654584924818258,1.948823893069726
CAS,,,,
PIC,alpha,-0.3202096027660467,1.500030473557429,-2.8766255211089753
PIC,gamma,0.1111568230930358,2.504126703153954,-3.737244120368801
PIC,beta,0.13382733476087996,2.4094008284909845,-2.9870517056351327
PIC,delta,-0.12379469374511685,2.752669367485223,-3.930329022754844
PIC,alpha,-0.3202096027660467,1.500030473557429,-2.8766255211089753
PIC,,,,
DOR,gamma,1.157315630312644,2.3732860066876387,-3.317489120147147
DOR,alpha,0.6844511791892994,1.7375809904051465,-2.6720664073127085
DOR,zeta,0.5962369799721816,2.4606319422536744,-3.971635923454536
DOR,beta,0.18043249478600218,1.5604271598003694,-3.0153791127787977
DOR,delta,0.11834034882326631,1.7797430454313685,-3.9565275500214914
DOR,,,,
AND,alpha,1.80779173464279,0.0661569655856594,1.0061870104815054
AND,delta,2.7486964251461456,0.4764296464748299,1.6673880035398685
AND,beta,1.5977155038876176,0.5017145714496887,1.1996614761807565
AND,mu,2.9287276014254053,0.7404019187575882,2.402906497421211
AND,nu,3.3268023669002496,0.7347429784650312,2.970343206968385
AND,phi,2.7467889101559826,0.8594751673932526,3.113527440007307
AND,51,2.1476731367305844,0.9785627244061648,2.678584531458471
AND,,,,
AND,pi,3.5797518725890103,0.5811289328889719,2.420178855798638
AND,beta,1.5977155038876176,0.5017145714496887,1.1996614761807565
AND,upsilon,2.798342919279866,1.2576248798070735,2.704765529173736
AND,gamma,1.3310765070602755,0.7988694074930033,1.414228765838114
AND,,,,
AND,eta,3.903544027100283,0.9953030981775951,1.7446534817114212
AND,zeta,3.622609277883485,0.7590024154786844,1.668597420916746
AND,epsilon,3.7565429508776593,0.6379009490666048,2.1397119987024635
AND,delta,2.7486964251461456,0.4764296464748299,1.6673880035398685
AND,pi,3.5797518725890103,0.5811289328889719,2.420178855798638
AND,sigma,3.6085183243399834,0.28927846747043223,2.7065316312876364
AND,theta,3.5808274845855492,0.26767255840611903,2.8750697256089373
AND,iota,3.0951494740083594,-0.29621135487418215,2.9266377580406786
AND,,,,
AND,omicron,2.5912494552750904,-0.6711483133305572,2.4370855959629516
AND,iota,3.0951494740083594,-0.29621135487418215,2.9266377580406786
AND,kappa,2.9504826810251354,-0.2527295392711663,2.893160854316695
AND,lambda,2.659658541898558,-0.2611724344390236,2.8128998204691236
AND,,,,
TAU,omicron,2.221406746998197,2.7632840929295925,0.5636604351497154
TAU,xi,2.267783578076898,2.8809769076811627,0.6289115203370228
TAU,lambda,1.6562979641639637,2.888161578471225,0.7370886992410823
TAU,gamma,1.4802359462598547,3.167157349202218,0.9771979680671521
TAU,theta,1.2728410029969803,3.023045206541473,0.9322947282358016
TAU,alpha,0.29578474162407414,0.7697088817524438,0.24425319644537347
TAU,zeta,0.2706052144820876,2.7660590748968334,1.0752162629331725
TAU,,,,
TAU,beta,0.21235572734682873,1.4330231492583707,0.7898415656020012
TAU,epsilon,1.2944304059514848,3.072444953269399,1.1599275551850952
TAU,delta,1.4735087237621112,3.2685282921951395,1.132737764938063
TAU,gamma,1.4802359462598547,3.167157349202218,0.9771979680671521
TAU,,,,
TAU,epsilon,1.2944304059514848,3.072444953269399,1.1599275551850952
TAU,eta,1.4316267557623192,2.1936693625958132,1.17267197450691
TAU,,,,
AUR,delta,0.004410195211615213,2.165811461451367,3.01219874238472
AUR,beta,0.0027381266443998096,1.3446720121884463,1.3423299453932902
AUR,alpha,0.007830795461383626,0.04093726356728637,0.04316038802031906
AUR,delta,0.004410195211615213,2.165811461451367,3.01219874238472
AUR,,,,
AUR,alpha,0.007830795461383626,0.04093726356728637,0.04316038802031906
AUR,epsilon,0.5385310302585324,2.0810967707150314,2.063836369572005
AUR,zeta,0.6907153848434391,2.694225764185706,2.424904078255164
AUR,iota,0.6113328970612666,2.1676229474474513,1.4709802332696056
AUR,bet_tau,0.21235572734682873,1.4330231492583707,0.7898415656020012
AUR,theta,0.0026192576929795174,2.1187679629590934,1.6082336455339172
AUR,beta,0.0027381266443998096,1.3446720121884463,1.3423299453932902
AUR,,,,
HOR,alpha,1.2709209910501034,2.5490725946880026,-2.5902680829440796
HOR,iota,2.5899068278182082,2.2227610156992728,-4.18470023900257
HOR,eta,2.492123048205718,2.043413048973664,-4.2075866983207835
HOR,zeta,2.304710206116092,1.94533412853084,-4.23603422958284
HOR,,,,
CAE,gamma,0.887826825509923,3.5886604186550617,-2.6353140092754512
CAE,beta,1.340428426571664,3.7878781361218707,-3.042504044225498
CAE,alpha,1.120888379996598,3.102762635501929,-2.956581347996656
CAE,delta,1.358381357020612,3.3134488729378937,-3.574836591415815
CAE,,,,
SCL,alpha,3.625611667451682,0.9477808251135033,-2.1087085015206335
SCL,delta,4.016548200061211,-0.1943922641253532,-2.1501516700533627
SCL,gamma,3.6581600989863197,-0.6642506365553563,-2.371652542431164
SCL,beta,3.428237993334872,-0.4060117109141078,-2.679410149950151
SCL,eta,4.011679939662844,0.4910919835598953,-2.626338273221849
SCL,alpha,3.625611667451682,0.9477808251135033,-2.1087085015206335
SCL,,,,
CET,delta,3.1159628105861326,2.602655945514796,0.02361762732898927
CET,omicron,1.6393262868304816,1.140953393315131,-0.10408976697674528
CET,zeta,3.235406386371509,1.7103492293714997,-0.6672713305805777
CET,theta,3.3265752063003475,1.2772303733429042,-0.5124255753162071
CET,iota,3.4854452757626473,0.2962550105848693,-0.5436029786224533
CET,beta,1.896019409050841,0.364972852591931,-0.6267417469527681
CET,upsilon,3.2239931833316238,1.861686202695678,-1.435302210868419
CET,delta,3.1159628105861326,2.602655945514796,0.02361762732898927
CET,gamma,2.6140481695461983,2.258377421396355,0.19515017248088354
CET,alpha,1.7595530857008463,1.7949680852257628,0.18017355971836851
CET,lambda,3.2872939473230582,3.279176362870029,0.728492199743879
CET,mu,3.153844071428223,2.764224605215424,0.7482846417231052
CET,xi,3.371343687791982,2.5439513682426402,0.6286916372925229
CET,gamma,2.6140481695461983,2.258377421396355,0.19515017248088354
CET,,,,
CET,beta,1.896019409050841,0.364972852591931,-0.6267417469527681
CET,tau,3.0244952581921747,1.4762336973576913,-0.9608134595012139
CET,,,,
FOR,alpha,2.2527899182916267,2.5034406119432027,-1.8655354959145245
FOR,beta,2.7797579775907075,2.5268002629295347,-2.38552426465967
FOR,nu,3.5012144218017447,2.114151733918767,-2.295203698702089
FOR,,,,
PHE,alpha,1.7561064101837962,0.2022827831643706,-1.6084999072883583
PHE,kappa,2.8235011658807316,0.3241937765191689,-2.7143396179432644
PHE,beta,2.1690962782685026,0.6433736592111529,-2.4023096532784822
PHE,gamma,2.2922009905471774,0.9301838193790695,-2.3325035222052515
PHE,delta,2.3726554978049803,0.9979814460766646,-2.969754017090057
PHE,beta,2.1690962782685026,0.6433736592111529,-2.4023096532784822
PHE,,,,
PHE,kappa,2.8235011658807316,0.3241937765191689,-2.7143396179432644
PHE,zeta,2.1465558160261486,0.6601957867364658,-3.237288935492125
PHE,eta,2.3029428008055257,0.4408721510256051,-3.6758245609207276
PHE,,,,
PHE,kappa,2.8235011658807316,0.3241937765191689,-2.7143396179432644
PHE,epsilon,2.6981779735024185,0.11072874401117229,-2.7720885210534116
PHE,iota,3.4383080543495423,-0.37529102752058613,-3.182325308333139
PHE,sigma,3.3019551544190016,-0.1836442742894003,-3.97394853247076
PHE,epsilon,2.6981779735024185,0.11072874401117229,-2.7720885210534116
PHE,,,,
CAM,7,0.7076400577321375,2.5210275882942548,3.573312951275344
CAM,beta,0.4869388059023564,1.93204118732238,3.514499601621306
CAM,alpha,0.4898741987269846,1.6551129408823844,3.9383530088534795
CAM,gamma,0.7983327336221389,1.2575664471469712,4.404962142565762
CAM,,,,
CAM,alpha,0.4898741987269846,1.6551129408823844,3.9383530088534795
CAM,SAO13788,-0.1380961164852896,1.675561192766091,4.453203807587068
CAM,SAO6022,-0.26586606684016717,0.9910621616769785,4.432788177456159
CAM,,,,
ERI,alpha,0.2413539460283909,0.10960998565661395,-0.41210911635255226
ERI,chi,2.004901629600589,1.1107633926125107,-2.891828857532349
ERI,phi,1.8287416551850304,1.2393152396128455,-2.778902966181884
ERI,kappa,2.28656054815212,1.707196547816571,-3.136035842709305
ERI,iota,2.4053600597356533,2.030289536268512,-2.627197629023572
ERI,theta,1.8583942650129919,1.830227758544897,-2.2120210459257716
ERI,41,1.2711674246807279,2.662067446066634,-1.9748494350260817
ERI,43,1.331242539329642,2.991191397206517,-2.209766351168578
ERI,upsilon^2,1.181656576637434,3.0603465071716047,-1.9375414810868075
ERI,upsilon^1,1.4395691078077888,3.6313055875875895,-2.234112914201213
ERI,tau^9,2.1202178339506106,3.6698595147491146,-1.8884934415038817
ERI,tau^8,2.204291866940322,3.586530836083595,-1.9273800681656577
ERI,tau^6,2.1280187986340735,3.241139121597886,-1.6658190739416074
ERI,tau^5,2.358467955550149,3.180993532182158,-1.5705123529786
ERI,tau^4,2.214547800307821,2.6279203963839737,-1.371062518786394
ERI,tau^3,2.6091294125633957,2.664355233382877,-1.630507558658304
ERI,tau^2,3.2627747032155594,3.016958789066387,-1.7058314398356291
ERI,tau^1,3.184280797008287,2.794998722198688,-1.4245132321996734
ERI,eta,2.7596823887548427,2.674707779394419,-0.601823402704931
ERI,zeta,3.114475356158863,3.5775364886707393,-0.7357145697269841
ERI,epsilon,2.2022147016608757,2.9473345986619357,-0.6134893408356724
ERI,delta,1.9549784555590277,2.8775643414822625,-0.5988177510142721
ERI,pi,2.3830027499470767,3.6054499875242563,-0.9265140480348923
ERI,gamma,1.4554081009484034,2.4716142871669695,-0.6894998732167217
ERI,omicron,1.8276845914214597,3.5818803979486957,-0.48187327075846376
ERI,nu,1.3973523426802088,3.6553160143741645,-0.229066072271526
ERI,mu,1.2818141719631198,3.8033421798192784,-0.2279050060047776
ERI,beta,0.6224233183037512,2.687982858449667,-0.2454330163456169
ERI,,,,
PEG,alp_and,1.80779173464279,0.0661569655856594,1.0061870104815054
PEG,beta,2.1909886966611554,-0.5484751791641785,1.2051321541407292
PEG,eta,2.4066510743689227,-0.8404399437281964,1.4846519144988353
PEG,pi,3.192755169719903,-1.662042787711125,2.3524302748528516
PEG,,,,
PEG,alp_and,1.80779173464279,0.0661569655856594,1.0061870104815054
PEG,gamma,2.7266610671414995,0.15761650484205797,0.7411993404855075
PEG,alpha,2.3428177053904142,-0.5758128303380124,0.6554729466021618
PEG,beta,2.1909886966611554,-0.5484751791641785,1.2051321541407292
PEG,mu,3.026436430459836,-0.9539898750591993,1.4528199649888003
PEG,lambda,3.4361186578707947,-1.1408242588250155,1.5792747004585885
PEG,iota,2.9936332409346633,-1.6085368267029914,1.608840979062659
PEG,kappa,3.099894843810756,-2.078137741724839,1.7920924874945134
PEG,,,,
PEG,alpha,2.3428177053904142,-0.5758128303380124,0.6554729466021618
PEG,zeta,3.135927661700658,-1.1189671624364672,0.6371579003430191
PEG,theta,3.096602497764296,-1.6085561970264863,0.37907773852814014
PEG,epsilon,1.9612190231020015,-1.3205774469993754,0.41194071163146845
PEG,,,,
PER,eta,1.5539473848382042,1.4326864870614724,3.1217874615268038
PER,tau,1.7317256923013953,1.6471796610036615,3.1449046553113686
PER,gamma,1.21040544264679,1.2621991249166298,2.3633391702146187
PER,,,,
PER,tau,1.7317256923013953,1.6471796610036615,3.1449046553113686
PER,iota,1.7806034930841668,1.9273703577408308,3.0849950898694223
PER,alpha,0.7290913701136585,0.903035425180255,1.3758462104811366
PER,,,,
PER,eta,1.5539473848382042,1.4326864870614724,3.1217874615268038
PER,gamma,1.21040544264679,1.2621991249166298,2.3633391702146187
PER,alpha,0.7290913701136585,0.903035425180255,1.3758462104811366
PER,sigma,1.7662181105234909,2.3136018808273264,3.2326799908266644
PER,nu,1.540153831128679,2.3093628103632904,2.5510134430399654
PER,epsilon,1.1248712348341687,1.9067978858255104,1.8576561919940986
PER,xi,1.6516796472298094,2.830762549613285,2.3622738475108487
PER,zeta,1.2632502690360086,2.0641313730953446,1.5053439581650363
PER,omicron,1.8069275029220577,2.686880719992487,2.045625820064978
PER,,,,
PER,alpha,0.7290913701136585,0.903035425180255,1.3758462104811366
PER,psi,1.6522407123820042,2.2845786044279865,3.153363478658507
PER,delta,1.1426806053092575,1.6769404300594957,2.23663851086445
PER,48,1.265942870182967,2.3976914314106126,2.981503722817236
PER,mu,1.2138354815444794,2.4587092345863306,3.0884061137589365
PER,lambda,1.3000626321219237,2.4090192349691537,3.3031142090622376
PER,,,,
PER,iota,1.7806034930841668,1.9273703577408308,3.0849950898694223
PER,kappa,1.8190615107636932,1.976482613462311,2.673692521353064
PER,beta,1.106516647305795,1.1884985828981374,1.4091103674603567
PER,epsilon,1.1248712348341687,1.9067978858255104,1.8576561919940986
PER,,,,
PER,beta,1.106516647305795,1.1884985828981374,1.4091103674603567
PER,rho,1.8837704685321757,1.970966327539804,2.19469828395393
PER,16,2.435419083388368,2.243081344057925,2.616432680618221
PER,,,,
PER,iota,1.7806034930841668,1.9273703577408308,3.0849950898694223
PER,theta,2.0245944413921007,1.7630576486244618,3.112032306309013
PER,phi,2.313814989477613,1.1241520764832196,3.141041595300383
PER,,,,
PSC,phi,4.011458981068013,1.3373518478163595,1.9344732818912111
PSC,tau,3.7043815336769237,1.197672245799075,2.2567983172175583
PSC,upsilon,3.979277435280426,1.4378599350966659,2.1807131631903904
PSC,phi,4.011458981068013,1.3373518478163595,1.9344732818912111
PSC,eta,3.216423142274467,1.3567410304838132,0.9582671579695121
PSC,omicron,3.768808802514393,1.8667557711487401,0.6774238709795314
PSC,alpha,3.726186066623092,2.1956215363696807,0.2090058992793531
PSC,xi,4.049175176489545,2.1886201103657363,0.2573371380184851
PSC,nu,3.993832967223795,1.892853872174211,0.42426695430056943
PSC,epsilon,4.071178981183736,1.1469130003611132,0.585655421532513
PSC,delta,4.292554660825855,0.9257962606823186,0.5846159145360785
PSC,omega,3.9911467875250897,-0.011900171142830034,0.48063052998631584
PSC,iota,4.094335959839534,-0.3591084410728338,0.405406185837261
PSC,theta,4.202143888914801,-0.5911961959429379,0.47473549978761614
PSC,gamma,3.6197900510337004,-0.6845118285716968,0.21133750964481132
PSC,kappa,4.867720613979353,-0.7072315460229524,0.10732923437004072
PSC,lambda,4.4840321021010086,-0.35191706711614645,0.14003744213594876
PSC,iota,4.094335959839534,-0.3591084410728338,0.405406185837261
PSC,,,,
PSC,gamma,3.6197900510337004,-0.6845118285716968,0.21133750964481132
PSC,beta,4.375373975336273,-1.0936079167635107,0.3008725649543855
PSC,,,,
UMA,eta,-1.09308547122862,-0.5541540850283961,1.425649817674469
UMA,zeta,-1.217694963932627,-0.46702298131874564,1.8579581560770602
UMA,epsilon,-0.9745236178190709,-0.23411245425490426,1.4831031916476933
UMA,delta,-1.797059184081622,-0.12119823232378156,2.7770468626563516
UMA,alpha,-0.8218364322207851,0.20592287720267588,1.5767944213876401
UMA,23,-1.3219500005689933,1.000387313153916,3.263016000524105
UMA,omicron,-0.9990158396526164,1.2988112137611687,2.921909783537373
UMA,iota,-1.4843503901987916,1.4945324085636336,2.342130824456584
UMA,kappa,-1.7436549118212203,1.6894731015074789,2.6172978790662005
UMA,mu,-2.0663059444314316,0.9382243182957297,2.0077387460936844
UMA,xi,-3.6964086291771676,0.6820303666919136,2.3064036561397194
UMA,nu,-2.851620286358252,0.5222981833164536,1.888667877138385
UMA,psi,-2.0889529550154693,0.46629839967827075,2.1021040302966982
UMA,chi,-2.481560842073075,0.15123535253824494,2.7402524801981674
UMA,eta,-1.09308547122862,-0.5541540850283961,1.425649817674469
UMA,,,,
UMA,delta,-1.797059184081622,-0.12119823232378156,2.7770468626563516
UMA,gamma,-1.4380684660902945,0.03880850087576669,1.9584057258638934
UMA,beta,-1.2754631480134455,0.33074808986303755,1.9819685817670227
UMA,alpha,-0.8218364322207851,0.20592287720267588,1.5767944213876401
UMA,,,,
UMA,23,-1.3219500005689933,1.000387313153916,3.263016000524105
UMA,upsilon,-1.64838192581407,1.0402192774303098,3.2503662688244632
UMA,phi,-2.2749768327832722,1.420183715021713,3.7003322318254774
UMA,theta,-1.5789993177710626,1.180705222653216,2.4950142948844882
UMA,lambda,-2.2761724351372927,1.0966712759493085,2.3492235223641202
UMA,mu,-2.0663059444314316,0.9382243182957297,2.0077387460936844
UMA,,,,
UMI,alpha,0.02109814028301644,0.016367854699336295,2.039825228250974
UMI,delta,-0.03138857388082372,-0.257341171024195,4.342267872797073
UMI,epsilon,-0.1843464425827526,-0.5506871991889898,4.149561422338085
UMI,zeta,-0.5079722720424973,-0.7534545286099731,4.202888345430212
UMI,eta,-0.5258934374967468,-1.0963965738358945,4.788000693951367
UMI,gamma,-0.6069202008360638,-0.728017700043714,2.8884663920911686
UMI,beta,-0.41562925098642906,-0.3832519593412424,1.9912986369165118
UMI,zeta,-0.5079722720424973,-0.7534545286099731,4.202888345430212
UMI,,,,
CEP,gamma,0.6877254350322911,-0.062184441995432695,3.1450861389131086
CEP,iota,1.3464498844017918,-0.42658010366646876,3.2023588374743865
CEP,zeta,1.5688542337778737,-0.8093128220631476,2.8471405215059944
CEP,alpha,0.8561848100427671,-0.7274902966914308,2.1659421597244566
CEP,beta,0.8362619039080935,-0.6495483203694281,2.998525138726915
CEP,gamma,0.6877254350322911,-0.062184441995432695,3.1450861389131086
CEP,,,,
CEP,beta,0.8362619039080935,-0.6495483203694281,2.998525138726915
CEP,iota,1.3464498844017918,-0.42658010366646876,3.2023588374743865
CEP,,,,
CHA,alpha,-0.5223178078688568,0.7562011169856285,-3.9546104711150445
CHA,gamma,-0.7632656526854211,0.29503001024907105,-4.058322662933929
CHA,beta,-0.7902612082598472,-0.0633516392821847,-4.195756641241236
CHA,delta,-0.691099119908282,0.23196517318478976,-4.37974590186364
CHA,theta,-0.5416792760251471,0.7689471468439935,-4.2368506991969115
CHA,alpha,-0.5223178078688568,0.7562011169856285,-3.9546104711150445
CHA,,,,
CIR,gamma,-1.4492066271785005,-1.7798076348332983,-3.8706698302401117
CIR,alpha,-1.021294031809119,-0.8761279787916361,-2.881277193428213
CIR,beta,-1.3692823448957916,-1.596393622420801,-3.4727788962516564
CIR,,,,
COM,alpha,-4.747659094620015,-1.496551740163943,1.5711352616131211
COM,beta,-3.581805812867287,-1.1614961182781232,1.992283585771605
COM,gamma,-3.804848603604299,-0.4492113694397355,2.0600573412447747
COM,,,,
CRA,kappa,0.6736884616050823,-4.592245539120597,-3.722891989452173
CRA,lambda,0.7639781751794883,-3.9518056973242826,-3.180639727860539
CRA,epsilon,0.9845623417277973,-3.757380562409107,-2.9376229003195258
CRA,gamma,0.9578783810967777,-3.2122872405646845,-2.5305492864460764
CRA,alpha,0.9654549522463347,-3.087062529149061,-2.5195121901484874
CRA,beta,0.954048472672547,-3.024321941175661,-2.5987051213853904
CRA,delta,1.0230740533681881,-3.328999164547768,-2.974472061352241
CRA,zeta,0.9563692854202912,-3.3844355542983036,-3.177822173864708
CRA,eta,0.8385497227456762,-3.874352046231071,-3.783732361617067
CRA,theta,0.4986493212614429,-3.38707446790392,-3.117045941797919
CRA,,,,
CRB,theta,-2.126094887019072,-2.8454596256321416,2.1653360132526203
CRB,beta,-1.9762896335705207,-2.5253686347193547,1.78485084615421
CRB,alpha,-1.1800633516443833,-1.6047491797718558,1.0025619961515504
CRB,gamma,-1.9304561565281015,-2.8286170878207946,1.6925319489483663
CRB,delta,-2.2359350828148363,-3.496234919656035,2.030107310467989
CRB,epsilon,-1.8799113176439644,-3.178228491252597,1.872003497642131
CRB,iota,-2.1405083900622555,-3.761604441584904,2.483677889163935
CRB,,,,
CRU,beta,-0.6269027237529183,-0.13249016132619765,-1.0965123492706
CRU,delta,-1.4545689821836696,-0.09629363211858405,-2.40230235659098
CRU,,,,
CRU,gamma,-0.8929424697449131,-0.12218548977509626,-1.394031725540805
CRU,alpha,-0.359512617575458,-0.041914963505489046,-0.7134380236841712
CRU,,,,
CRV,alpha,-3.6583383491918053,-0.13414517755361607,-1.6850713914169004
CRV,epsilon,-2.75736603989607,-0.1219965511496066,-1.1498475392570384
CRV,gamma,-2.463794860646459,-0.17030482663283036,-0.7802635136142508
CRV,delta,-2.8043186323091436,-0.36732847809772873,-0.8386696594381975
CRV,beta,-2.422880030103785,-0.3662462169795019,-1.060384867994864
CRV,epsilon,-2.75736603989607,-0.1219965511496066,-1.1498475392570384
CRV,,,,
CVN,alpha,-2.1924352069079514,-0.5469742711067281,1.7856223033603025
CVN,beta,-3.1707432607807156,-0.47033533281846673,2.8210054677217866
CVN,,,,
CYG,beta,1.740784245097331,-4.164030191379499,2.3963770106769378
CYG,chi,1.5576240373265609,-2.9747163531891547,2.1736766034558865
CYG,eta,1.5797841750738848,-2.7635827055513063,2.235842702375068
CYG,gamma,0.9807949368741844,-1.3722775949836217,1.42793399501095
CYG,alpha,0.5697024294146942,-0.670385063030521,0.8879881807685054
CYG,,,,
CYG,zeta,2.0556776558371834,-1.8358366331300022,1.6062357335552087
CYG,epsilon,1.3533424265051643,-1.526764288333078,1.3744290030743322
CYG,gamma,0.9807949368741844,-1.3722775949836217,1.42793399501095
CYG,delta,0.8952241081109978,-1.8160012447004983,2.034112404834873
CYG,iota,0.8906828503039756,-2.1582851313710893,2.959964417332895
CYG,,,,
DEL,epsilon,2.4495159857667,-3.101161692499844,0.7896629612973464
DEL,beta,2.1983753182246066,-2.6775371548834297,0.9024083025103468
DEL,alpha,2.3261587491967433,-2.780822071018943,1.0338830121775662
DEL,gamma,2.7266621588374775,-3.0643741829789652,1.186517736174114
DEL,delta,2.792141801008965,-3.2276022342301376,1.1501860634919185
DEL,beta,2.1983753182246066,-2.6775371548834297,0.9024083025103468
DEL,,,,
DRA,lambda,-1.3412147014472455,0.16824595959734984,3.5835368592636163
DRA,kappa,-1.3231150603311992,-0.1946926181092578,3.6315783512928
DRA,alpha,-1.352067913854246,-0.8156193495711577,3.2907715558711987
DRA,iota,-1.0652501725663626,-1.3264838847825784,2.827663801313631
DRA,theta,-1.0305685589994777,-1.8196711042845757,3.4215238589601404
DRA,eta,-0.5299194187638772,-1.1899854106606547,2.3991707175671655
DRA,zeta,-0.2897345553797002,-1.2752719235692718,2.8986437187717393
DRA,chi,0.09699388308157521,-1.0522179107498772,3.3995631564867157
DRA,tau,0.4127427290217141,-1.2063812842099815,4.2634244026073205
DRA,epsilon,0.5879248682019822,-1.1517959042337003,3.6050812118924807
DRA,delta,0.3631549927678945,-1.1086161470436782,2.839716304446939
DRA,xi,-0.05767311459846526,-2.0434281989995613,3.131880426738212
DRA,nu,-0.33754734267741493,-2.76572798012767,4.006396202497992
DRA,beta,-0.21941717721319437,-1.6913438900327744,2.208010857761482
DRA,gamma,-0.02060138590951356,-1.3885634413061712,1.744811494794372
DRA,xi,-0.05767311459846526,-2.0434281989995613,3.131880426738212
DRA,,,,
EQU,alpha,2.936676822648575,-2.556565844151666,0.35777132897390335
EQU,delta,3.3105048423806003,-2.9164637965668883,0.777943835947848
EQU,gamma,3.394115888594319,-3.100611864609855,0.8216345902116072
EQU,,,,
GRU,alpha,1.048993560498874,-0.5563906627169772,-1.2718655355316684
GRU,beta,1.3543818334141289,-0.4751825758299937,-1.5329224928043022
GRU,iota,2.674603214177107,-0.5886613991132907,-2.76262111117458
GRU,,,,
GRU,zeta,2.4054537745726834,-0.6346128363957585,-3.271568230417297
GRU,epsilon,2.0702051821704526,-0.6671618726976419,-2.7165318955118454
GRU,beta,1.3543818334141289,-0.4751825758299937,-1.5329224928043022
GRU,delta,2.651029875842784,-1.10804365655323,-2.7250467615366056
GRU,mu,3.2224965496078086,-1.578393958854797,-3.157940547004717
GRU,lambda,3.0297182509870075,-1.6432911756759938,-2.8462785231915797
GRU,gamma,2.0325896129901473,-1.2463858682483917,-1.8207420829418055
GRU,,,,
HER,pi,-0.4930979972295799,-2.481799506578501,1.892914571309251
HER,eta,-0.9064317326642474,-2.591987761292812,2.2183058759620073
HER,zeta,-0.805968213821864,-2.253564357374269,1.4724003957759224
HER,epsilon,-0.8639530404378505,-3.2412820143846806,2.0089241018875215
HER,pi,-0.4930979972295799,-2.481799506578501,1.892914571309251
HER,rho,-0.5686280589496194,-3.558346809924895,2.728594896805407
HER,theta,-0.05001204917613082,-3.056238520483468,2.324328914084714
HER,iota,-0.2363038725422388,-2.6283036152620167,2.7342605190109723
HER,tau,-1.1382862708178838,-2.4336659128345883,2.81312541319695
HER,phi,-1.4036047520922212,-2.6612348378749453,3.0017033227127636
HER,sigma,-1.134543911862,-2.8838962898167617,2.834775529321146
HER,iota,-0.2363038725422388,-2.6283036152620167,2.7342605190109723
HER,,,,
HER,epsilon,-0.8639530404378505,-3.2412820143846806,2.0089241018875215
HER,beta,-0.987687789172099,-2.390879669046268,1.0181194621759952
HER,gamma,-1.4660624068235633,-3.2145030719433105,1.226878567652775
HER,,,,
HER,epsilon,-0.8639530404378505,-3.2412820143846806,2.0089241018875215
HER,mu,-0.17812658668779147,-3.0130097418395514,1.5868658464706205
HER,lambda,-0.5032133817441644,-3.9191474291986537,1.9357323473660268
HER,delta,-0.5555333415196354,-2.7949808869939865,1.3187359659152156
HER,alpha,-0.6664906537243582,-3.3241371537166216,0.8694264728997133
HER,,,,
HER,mu,-0.17812658668779147,-3.0130097418395514,1.5868658464706205
HER,xi,-0.03137265490294653,-3.219357406383882,1.8030123811237635
HER,pi,-0.4930979972295799,-2.481799506578501,1.892914571309251
HER,,,,
HER,xi,-0.03137265490294653,-3.219357406383882,1.8030123811237635
HER,omicron,0.11033707135249042,-3.355512809759509,1.8431656231129103
HER,102,0.15585281135766632,-4.072407316301669,1.5494542753255263
HER,109,0.3681279385596444,-3.5471626119948967,1.4239800647893097
HER,110,0.7781752654985463,-3.8549802043936254,1.4743035236678892
HER,111,0.8418995127686834,-4.04611273495049,1.3574523735554465
HER,,,,
HYI,beta,0.6140564650517775,0.06928450820105142,-2.7309584974238352
HYI,gamma,0.48591475496731157,0.7427912520985431,-3.147228623203427
HYI,epsilon,1.1647621928797653,0.97374833119149,-3.8085618311299223
HYI,delta,1.2093100422796954,0.8606036964120386,-3.8004381983349522
HYI,alpha,1.182954706162781,0.6745172576040939,-2.5150039030509634
HYI,,,,
IND,alpha,1.3388808685690534,-1.6304637756206923,-2.2849695613220966
IND,theta,1.997048845054228,-1.6779518256000132,-3.5186181352106334
IND,delta,2.1700207781828356,-1.2793028013696777,-3.595343400102757
IND,,,,
IND,theta,1.997048845054228,-1.6779518256000132,-3.5186181352106334
IND,beta,1.3159564331878078,-1.3768693488137957,-3.1019493003994603
IND,,,,
LAC,5,2.6953905272019427,-1.1229029951046137,3.210850163033946
LAC,alpha,2.21891886544183,-0.9045828907601555,2.8845500277045537
LAC,beta,2.4708986462189864,-1.1057175217482047,3.4940590496172486
LAC,4,2.7100004467810157,-1.19925692380292,3.465729419495621
LAC,5,2.6953905272019427,-1.1229029951046137,3.210850163033946
LAC,11,3.017114016854544,-1.0904430118484525,3.127036464004013
LAC,6,3.029863118900657,-1.2475303923192436,3.0698041307167103
LAC,2,2.8552604185646593,-1.3157891741706293,3.316788626263866
LAC,5,2.6953905272019427,-1.1229029951046137,3.210850163033946
LAC,,,,
LAC,6,3.029863118900657,-1.2475303923192436,3.0698041307167103
LAC,1,2.9349509766522646,-1.4317353492269513,2.528457366542275
LAC,,,,
LIB,sigma,-2.084713472061966,-2.1600413212376868,-1.4179531832712566
LIB,alpha,-1.9415855494541439,-1.792951566377925,-0.7603093020434472
LIB,beta,-1.680907108957344,-1.9507883845873684,-0.4255302217418504
LIB,gamma,-2.222687761910219,-3.046203653772165,-0.9951393936527965
LIB,upsilon,-1.8443098062183665,-2.5623002631975473,-1.6880576707875086
LIB,tau,-1.8320833948682347,-2.584354176010208,-1.813031695030918
LIB,,,,
LIB,gamma,-2.222687761910219,-3.046203653772165,-0.9951393936527965
LIB,alpha,-1.9415855494541439,-1.792951566377925,-0.7603093020434472
LIB,,,,
LUP,alpha,-1.1892535208065957,-1.015120383671972,-1.7003842712465864
LUP,zeta,-1.3956060852351784,-1.553836209024317,-2.6828858884379483
LUP,epsilon,-1.5137696655188422,-1.8472716440021362,-2.3634062014432935
LUP,gamma,-1.231927328372362,-1.6824446548842102,-1.8233581767883362
LUP,eta,-1.3309362938149518,-2.3083493260435497,-2.111902452946255
LUP,theta,-1.6009943554036832,-2.9666464537554793,-2.521889349750616
LUP,chi,-1.75143383937098,-2.7745137148502175,-2.1813191312630704
LUP,phi,-1.8223915385974199,-2.207137951323185,-2.099983605621106
LUP,delta,-1.5543157276796573,-1.8749549134958798,-2.0911113530956005
LUP,beta,-1.3865669407708419,-1.3689330863982025,-1.8254737258382217
LUP,alpha,-1.1892535208065957,-1.015120383671972,-1.7003842712465864
LUP,iota,-2.0213146704953133,-1.4074676157142327,-2.5565253594588326
LUP,,,,
LYR,alpha,0.005003136621979722,-0.0307768148044634,0.025055065245047116
LYR,zeta,0.6691751483352149,-3.380871307536053,2.654131462970514
LYR,delta,0.810027977150529,-3.341874840799113,2.5818069689013012
LYR,gamma,0.6956740258921176,-2.645480945202838,1.754983822793747
LYR,beta,0.6208315259084252,-2.796541614987115,1.886484352461869
LYR,zeta,0.6691751483352149,-3.380871307536053,2.654131462970514
LYR,,,,
MEN,alpha,-0.059740190794394556,1.334862437330063,-4.901119605050369
MEN,gamma,0.1495942505901491,1.213241543735232,-5.033693128980483
MEN,eta,0.39606865384416085,1.362906999014469,-5.272306339115686
MEN,beta,0.4199494324484589,1.645028328267743,-5.020709538838395
MEN,,,,
MIC,alpha,2.7397559153545457,-2.990791764946408,-2.713540518033316
MIC,gamma,2.8020199052280583,-2.7704104712596163,-2.487792248448574
MIC,epsilon,3.0247593447580425,-2.584529557350365,-2.502206600878757
MIC,theta,2.7963897173005723,-2.330553347138408,-3.1440142565067335
MIC,iota,2.45640563814472,-2.7165709860593275,-3.534743755718579
MIC,alpha,2.7397559153545457,-2.990791764946408,-2.713540518033316
MIC,,,,
MUS,lambda,-1.432026998730343,0.09009550212336255,-3.3343787240510796
MUS,epsilon,-1.5459139781405866,-0.11872551550141286,-3.8279177399936994
MUS,alpha,-0.9490965616458072,-0.1553495954237937,-2.5229114570023596
MUS,beta,-1.1136854594417398,-0.22801607467939425,-2.8302320341477025
MUS,delta,-1.1005742912337346,-0.3065958423406234,-3.4244467025980714
MUS,gamma,-1.1784729477972604,-0.16807126460588248,-3.692878763420729
MUS,alpha,-0.9490965616458072,-0.1553495954237937,-2.5229114570023596
MUS,,,,
NOR,delta,-1.581726639026308,-2.9278871230729924,-3.347240331069446
NOR,eta,-1.4779394071025171,-2.6449126515230206,-3.514218572420748
NOR,gamma,-1.0953763239872807,-2.34458978211926,-3.102361916738612
NOR,epsilon,-1.1856911201445415,-2.765870020293315,-3.291762384871217
NOR,delta,-1.581726639026308,-2.9278871230729924,-3.347240331069446
NOR,,,,
OCT,beta,0.5882590819125645,-0.19668603967277745,-4.093270801491788
OCT,delta,-0.38103454089193395,-0.2843593983224463,-4.283696115649774
OCT,nu,0.6793892669381439,-0.46918984573104594,-3.6887248626906466
OCT,beta,0.5882590819125645,-0.19668603967277745,-4.093270801491788
OCT,,,,
OPH,alpha,-0.22054002839737713,-2.0083370854181863,0.45038233447646225
OPH,kappa,-0.8472600384290548,-3.0413739767832895,0.5217228772313874
OPH,zeta,-0.8935406422402756,-2.363128002796087,-0.4712867100458198
OPH,eta,-0.5024638380428407,-2.284545688858987,-0.6582409034503083
OPH,beta,-0.19902176270641125,-2.754024271022562,0.22054625951912765
OPH,alpha,-0.22054002839737713,-2.0083370854181863,0.45038233447646225
OPH,,,,
OPH,kappa,-0.8472600384290548,-3.0413739767832895,0.5217228772313874
OPH,lambda,-1.4430681554102835,-3.523672510856378,0.13185725264797077
OPH,delta,-1.2120563996138767,-2.4398896371678593,-0.17537913956892773
OPH,epsilon,-1.3818588174595268,-2.90745946850924,-0.2646613828750322
OPH,,,,
OPH,beta,-0.19902176270641125,-2.754024271022562,0.22054625951912765
OPH,gamma,-0.19714461034390485,-3.7305911611007705,0.1772670057544723
OPH,68,0.0338943523799198,-4.438727777774829,0.10073176106314924
OPH,70,0.0997716360867989,-4.194816188797998,0.18320142693441122
OPH,67,0.010929322688750387,-3.9547964433868823,0.20264659207604074
OPH,,,,
OPH,zeta,-0.8935406422402756,-2.363128002796087,-0.4712867100458198
OPH,phi,-1.5507292321013655,-3.796788861922618,-1.2239416598378614
OPH,chi,-1.6169363139599677,-3.765032160645087,-1.3683748703866738
OPH,psi,-1.714066049141315,-3.8543815519378386,-1.538122372005019
OPH,omega,-1.5526068907585175,-3.849284229752268,-1.6321834337321455
OPH,,,,
OPH,eta,-0.5024638380428407,-2.284545688858987,-0.6582409034503083
OPH,xi,-0.6948845111898749,-4.045753824463885,-1.5839859557282254
OPH,theta,-0.49063503593001695,-2.9319209354182427,-1.386187898509494
OPH,44,-0.5562533030676929,-3.7631495636227683,-1.708270360520269
OPH,,,,
PAV,alpha,0.6251066451429719,-0.847615998703849,-1.605362513870115
PAV,delta,0.7677555383811794,-1.2201586350696108,-3.2659859672922797
PAV,beta,0.9097532785913369,-1.0378312719441354,-3.1291620640464006
PAV,gamma,1.3819708997567517,-1.0948460182751032,-3.8450446848499267
PAV,alpha,0.6251066451429719,-0.847615998703849,-1.605362513870115
PAV,,,,
PAV,delta,0.7677555383811794,-1.2201586350696108,-3.2659859672922797
PAV,kappa,0.37092289947229506,-1.4618485720643912,-3.596583789514762
PAV,zeta,0.23774520882158456,-1.2512473542145701,-3.791814509473455
PAV,epsilon,0.584764548116275,-1.006914622246784,-3.784940338601387
PAV,delta,0.7677555383811794,-1.2201586350696108,-3.2659859672922797
PAV,,,,
PAV,kappa,0.37092289947229506,-1.4618485720643912,-3.596583789514762
PAV,lambda,0.44374239015529315,-1.9138025710294972,-3.7235134497273075
PAV,nu,0.2939653062939563,-2.1344529004965413,-4.098120936997516
PAV,xi,0.21065267820589428,-2.0708423585134033,-3.8310360707452666
PAV,pi,0.07194528938510009,-1.9238451419619886,-3.8896328547929233
PAV,nu,0.2939653062939563,-2.1344529004965413,-4.098120936997516
PAV,,,,
PAV,pi,0.07194528938510009,-1.9238451419619886,-3.8896328547929233
PAV,eta,-0.09612263418678427,-1.5421402927943397,-3.2736774056918287
PAV,,,,
PSA,tau,3.6797048174974663,-1.9128128796187462,-2.6471341756039832
PSA,beta,3.349477435688156,-1.3617845094404153,-2.2901842409867434
PSA,gamma,3.5848847531092254,-1.0871779899078016,-2.420381235505068
PSA,delta,3.403549205209952,-0.9767556730751992,-2.258716707077299
PSA,alpha,0.9629838151787012,-0.2686435484595297,-0.568324568864434
PSA,epsilon,3.4935517258501694,-1.2600521718686042,-1.8963820456275462
PSA,tau,3.6797048174974663,-1.9128128796187462,-2.6471341756039832
PSA,theta,3.602638793611467,-2.3455445954853595,-2.572841672811432
PSA,iota,3.0178549417698086,-2.017418304331908,-2.3603971987320507
PSA,mu,3.3278068696113983,-1.7622931474653722,-2.4454292672174716
PSA,tau,3.6797048174974663,-1.9128128796187462,-2.6471341756039832
PSA,,,,
RET,alpha,0.6863991517783682,1.3829948487206063,-2.9617193406618063
RET,beta,0.9130928545967713,1.356267616388883,-3.4745358814695146
RET,delta,1.099295433507024,1.8802772237575485,-3.9948225381973113
RET,epsilon,0.9890681363901993,2.0384136714375045,-3.818404630951818
RET,alpha,0.6863991517783682,1.3829948487206063,-2.9617193406618063
RET,,,,
SCO,upsilon,-0.2732163443958853,-2.1303297579000224,-1.6361686807174198
SCO,lambda,-0.1485086789740862,-1.283523008144386,-0.9771969401473577
SCO,kappa,-0.14294217405303686,-1.8665747246232332,-1.5177504183081925
SCO,iota,-0.12547632804428258,-2.3137430378040746,-1.9523700587013968
SCO,theta,-0.13441752008152902,-1.353660473892076,-1.2685169497162472
SCO,eta,-0.5028696105299203,-2.37345291193438,-2.2809523076197142
SCO,zeta,-0.7553864969296066,-2.5741834117091806,-2.445377476615359
SCO,mu,-0.8161071706160254,-2.683317954817686,-2.192572425125824
SCO,epsilon,-0.5700309755171369,-1.8125020776605982,-1.2961099125564142
SCO,tau,-0.8948464794133029,-2.3276133395036522,-1.3380455597797387
SCO,alpha,-0.37236198943267007,-0.8925292950767256,-0.48076814188919337
SCO,sigma,-1.085468545610343,-2.359977335561999,-1.243649875215792
SCO,nu,-1.7121531462320896,-3.360289751828794,-1.333035778815383
SCO,beta,-1.1861102448236052,-2.1717214396884366,-0.8908807302451164
SCO,delta,-1.0588873035422353,-1.8402230236840253,-0.8844981071207987
SCO,,,,
SCO,sigma,-1.085468545610343,-2.359977335561999,-1.243649875215792
SCO,rho,-1.7327055820963855,-2.909525753408537,-1.8938825877082535
SCO,pi,-1.3132531964932486,-2.2484890231681,-1.2765826078216902
SCO,,,,
SCT,beta,0.8594105901376025,-4.116758153057713,-0.34945063570150225
SCT,alpha,0.5813864846937741,-3.7555260479261263,-0.5510116684461286
SCT,gamma,0.5780072461272749,-4.512049299588244,-1.1820823750947318
SCT,,,,
SER,beta,-1.9503627271287083,-2.9518039501435784,0.9756221976481632
SER,gamma,-1.8981995733461932,-3.1732306002797044,1.035879306288545
SER,kappa,-2.1116503392597394,-3.2745472266953275,1.276038128288556
SER,beta,-1.9503627271287083,-2.9518039501435784,0.9756221976481632
SER,delta,-2.4617728351352963,-3.351808871712833,0.7732734288057925
SER,alpha,-1.469877509890889,-2.1850055419578283,0.29616023961790916
SER,epsilon,-1.9761542503784735,-3.126469471363951,0.290005212608861
SER,mu,-1.9090198134504175,-2.9855286415121904,-0.21157051440148056
SER,eps_oph,-1.3818588174595268,-2.90745946850924,-0.2646613828750322
SER,ups_oph,-1.7932037257520657,-4.215144799868375,-0.6737022443865777
SER,nu,-0.7182472250720884,-4.160008702660263,-0.9629893651890028
SER,xi,-0.33304016076122245,-3.3966093642790742,-0.9400686559033034
SER,omicron,-0.335590433745852,-4.129672680998697,-0.9464050975091522
SER,nu_oph,-0.01412225668741042,-3.2913976449985713,-0.5675403988826796
SER,eta,0.3012345699407243,-3.231877426784484,-0.16348098395082686
SER,70_oph,0.0997716360867989,-4.194816188797998,0.18320142693441122
SER,67_oph,0.010929322688750387,-3.9547964433868823,0.20264659207604074
SER,72_oph,0.11793884879029239,-3.6762347911208906,0.6199098228761681
SER,,,,
SGE,gamma,1.625051703479693,-2.8499827672570395,1.1606916848826192
SGE,delta,1.6270513885159075,-3.2146224606451566,1.2078519009564608
SGE,alpha,1.7539046873681443,-3.7569808372303806,1.348522649536064
SGE,,,,
SGE,delta,1.6270513885159075,-3.2146224606451566,1.2078519009564608
SGE,beta,1.7785406169240208,-3.7696242396101556,1.3128695160201858
SGE,,,,
SGR,zeta,0.6083820270660615,-2.1710534787752813,-1.2947579315998567
SGR,tau,0.844044523534928,-2.807410656146587,-1.536923631819515
SGR,sigma,0.4410361600887203,-1.7933257267487874,-0.9127266530978102
SGR,phi,0.5608502936823437,-2.777338067415926,-1.4436897891717588
SGR,zeta,0.6083820270660615,-2.1710534787752813,-1.2947579315998567
SGR,,,,
SGR,phi,0.5608502936823437,-2.777338067415926,-1.4436897891717588
SGR,lambda,0.31109647300133514,-2.536728180028335,-1.2153720110057917
SGR,delta,0.21355556519880597,-2.3241084391987807,-1.3375402735684725
SGR,gamma,0.06523632633859715,-2.577210540418036,-1.5145395511785156
SGR,epsilon,0.1589573711982068,-1.501870419648844,-1.033449465008116
SGR,delta,0.21355556519880597,-2.3241084391987807,-1.3375402735684725
SGR,,,,
SGR,epsilon,0.1589573711982068,-1.501870419648844,-1.033449465008116
SGR,zeta,0.6083820270660615,-2.1710534787752813,-1.2947579315998567
SGR,alpha,1.0760160064025222,-2.8067781858474987,-2.577942157887991
SGR,beta,1.0096155578346422,-2.677758165594787,-2.808983380507739
SGR,,,,
APS,alpha,-0.544613303742328,-0.4897269700984425,-3.7796909720432263
APS,delta,-0.3904099515328325,-0.8405861862537514,-4.6383073349254795
APS,gamma,-0.2758473019120265,-0.6953806970618694,-3.807197650790093
APS,beta,-0.30119680959839684,-0.8633020915581827,-4.129998786997281
APS,delta,-0.3904099515328325,-0.8405861862537514,-4.6383073349254795
APS,,,,
AQL,gamma,1.1954912283786332,-2.391249157027006,0.5011269219343364
AQL,delta,1.2225821135025614,-3.1243431314804,0.18268270995049543
AQL,lambda,0.9742106894002167,-3.2757531818110777,-0.29198394564248975
AQL,iota,1.7853581725924255,-3.9764697493259296,-0.09891677437732672
AQL,eta,1.6494126702028211,-3.08637435494568,0.06108342253049229
AQL,theta,1.756144098316159,-2.722393276784351,-0.04618173306286616
AQL,beta,1.7778115601137006,-3.229932301229345,0.4135497384854675
AQL,alpha,0.3444175580346483,-0.6561346622531959,0.11560212241708243
AQL,gamma,1.1954912283786332,-2.391249157027006,0.5011269219343364
AQL,zeta,0.81736976722174,-2.78540813817443,0.7165948418901278
AQL,epsilon,0.9984128137487542,-3.751213793219326,1.0449722153738652
AQL,,,,
AQR,alpha,2.573571993314168,-1.4004873813288077,-0.016195368712082155
AQR,gamma,3.4907975540823357,-1.597291152543907,-0.09270064950009614
AQR,eta,3.748884693048487,-1.4512741009450094,-0.008187927271709175
AQR,pi,4.266318281659178,-1.8713029694431436,0.11114637256316388
AQR,alpha,2.573571993314168,-1.4004873813288077,-0.016195368712082155
AQR,beta,2.2858925432235364,-1.7293297501404996,-0.2802033121039611
AQR,nu,3.254493269823601,-2.992659971604017,-0.8901459717551555
AQR,mu,3.189452263408126,-3.400383478787509,-0.7370118429372324
AQR,epsilon,2.4842055911879664,-2.7666682241060663,-0.6222294740947547
AQR,,,,
AQR,beta,2.2858925432235364,-1.7293297501404996,-0.2802033121039611
AQR,iota,3.638377239004336,-1.9665796729706932,-1.0209679018233926
AQR,,,,
AQR,alpha,2.573571993314168,-1.4004873813288077,-0.016195368712082155
AQR,omicron,4.144639379139646,-2.313592272736305,-0.1781999226144275
AQR,theta,3.702031721773174,-1.7892996702540258,-0.5620211926733644
AQR,lambda,3.5671770570306016,-1.0801091056526952,-0.4961977062428116
AQR,phi,4.113462492849375,-0.8306646836524271,-0.44477241737097284
AQR,psi,4.090114280732091,-0.797198898927594,-0.6662124932032143
AQR,delta,3.01915420938116,-0.8850081738588372,-0.8912734665516905
AQR,tau,3.715383175531423,-1.178588610536992,-0.941783810696766
AQR,lambda,3.5671770570306016,-1.0801091056526952,-0.4961977062428116
AQR,,,,
AQR,psi^2,4.270524508158248,-0.7934228508049479,-0.7022112253733266
AQR,98,3.6703682077470363,-0.5983052071295293,-1.3608923905590395
AQR,99,4.063408143897661,-0.6063737844281224,-1.5469728794211235
AQR,101,4.351197759124275,-0.5095446119456898,-1.674378197848085
AQR,,,,
AQR,psi^1,4.090114280732091,-0.797198898927594,-0.6662124932032143
AQR,88,3.3303878926649846,-0.7467188697198427,-1.3215624896291527
AQR,89,4.231403476179592,-0.9400167945635471,-1.791003363401014
AQR,86,3.981225588552672,-0.9432618950892162,-1.8002777036685553
AQR,,,,
ARA,alpha,-0.23209744972215623,-1.8801069311441096,-2.2483168596299654
ARA,beta,-0.24241802333671691,-1.588846085315151,-2.3414528863806416
ARA,gamma,-0.27644184453350273,-1.8171587816828962,-2.764762895574166
ARA,delta,-0.22107125275589615,-1.7438383847520398,-3.1302164763911033
ARA,,,,
ARA,beta,-0.24241802333671691,-1.588846085315151,-2.3414528863806416
ARA,zeta,-0.4617977465535843,-1.683237542559992,-2.5860885941117004
ARA,,,,
ARA,epsilon,-0.6329030615384079,-2.3449660697244,-3.24084369362927
ARA,zeta,-0.4617977465535843,-1.683237542559992,-2.5860885941117004
ARA,eta,-0.5816760093886933,-1.8387769658872906,-3.2160616116337035
ARA,,,,
VOL,beta,-0.9035007208322141,1.2239870046918429,-3.4384796436508327
VOL,epsilon,-0.8382447860755907,1.3421235390455013,-4.0412436309330655
VOL,zeta,-0.5063861144256756,1.0638501641034253,-3.7597068943541307
VOL,gamma,-0.35115760529186274,1.1352840207125057,-3.3558037082881547
VOL,epsilon,-0.8382447860755907,1.3421235390455013,-4.0412436309330655
VOL,alpha,-1.1443981010198878,1.1201886235317433,-3.6654509182489585
VOL,beta,-0.9035007208322141,1.2239870046918429,-3.4384796436508327
VOL,,,,
VOL,delta,-0.49034766128436724,1.4074270097824002,-3.67962068469128
VOL,epsilon,-0.8382447860755907,1.3421235390455013,-4.0412436309330655
VOL,theta,-1.1146575168673052,1.3392391029936772,-4.888770524897227
VOL,,,,
VUL,13,1.9822617822794206,-3.6712200955102787,1.864854213292802
VUL,alpha,1.516312674627394,-3.719476494643745,1.844638305619017
VUL,1,1.4498619731996636,-4.1978079250596165,1.7404622612904455
VUL,,,,
BOO,theta,-2.0162517121730414,-1.481084125814136,3.1849048408736884
BOO,lambda,-2.4009111853018035,-1.625284862930779,3.011058716568105
BOO,eta,-2.231193249146881,-1.2200668769835845,0.8459394190182344
BOO,upsilon,-3.452299031607547,-1.7869539894793545,1.1000121980439204
BOO,,,,
BOO,gamma,-1.8790063319117913,-1.4691410478626192,1.884823542435875
BOO,rho,-2.428214877971299,-1.8942877171194086,1.805642974446878
BOO,alpha,0.08621472925830072,0.05797030037717583,-0.03614505129471968
BOO,zeta,-3.2828700422813224,-2.7828446788611796,1.050447418401247
BOO,epsilon,-1.6066558710719008,-1.408792531910415,1.0926850021774954
BOO,delta,-1.912637989011804,-2.1905674869878333,1.9114470978660887
BOO,beta,-1.8637303467785755,-1.8957183128172623,2.261163698838694
BOO,gamma,-1.8790063319117913,-1.4691410478626192,1.884823542435875
BOO,lambda,-2.4009111853018035,-1.625284862930779,3.011058716568105
BOO,,,,
BOO,delta,-1.912637989011804,-2.1905674869878333,1.9114470978660887
BOO,mu,-2.1494158232054,-2.6661793576796495,2.616791786068808
BOO,,,,
BOO,rho,-2.428214877971299,-1.8942877171194086,1.805642974446878
BOO,sigma,-3.0231884146035695,-2.4195054990930127,2.2131256063914284
BOO,epsilon,-1.6066558710719008,-1.408792531910415,1.0926850021774954
BOO,,,,
CAP,delta,2.2737012247444324,-1.4902309488746515,-0.7863806073472466
CAP,gamma,2.872875786092983,-2.0100524118790437,-1.0497018715710977
CAP,iota,3.1564913637248635,-2.5962333816966834,-1.2365413452425082
CAP,theta,2.812225037979086,-2.6698677284325516,-1.2028286031010118
CAP,beta,1.71336049866038,-2.423974707270253,-0.7833533175677141
CAP,alpha,1.9689798674426275,-2.863545469120448,-0.7725449034751091
CAP,,,,
CAP,iota,3.1564913637248635,-2.5962333816966834,-1.2365413452425082
CAP,36,3.3000984352820892,-2.561741370650891,-1.6723730048480223
CAP,zeta,2.712027970883502,-2.1443942011431556,-1.4262109925425226
CAP,theta,2.812225037979086,-2.6698677284325516,-1.2028286031010118
CAP,,,,
CAP,theta,2.812225037979086,-2.6698677284325516,-1.2028286031010118
CAP,eta,3.2734811608261034,-3.1501418586443606,-1.6400693156489594
CAP,rho,2.74641362236769,-3.616628302800266,-1.4594902994735015
CAP,beta,1.71336049866038,-2.423974707270253,-0.7833533175677141
CAP,,,,
CAP,eta,3.2734811608261034,-3.1501418586443606,-1.6400693156489594
CAP,24,2.972202586105613,-2.7927112874809157,-1.9017821778331474
CAP,,,,
CAP,rho,2.74641362236769,-3.616628302800266,-1.4594902994735015
CAP,psi,2.4760304654751826,-2.796184421895144,-1.7628175778536104
CAP,omega,2.496838230506369,-2.6818292394498613,-1.861636586746621
CAP,,,,
TUC,gamma,2.0592811154914696,-0.3869339493869546,-3.3837912769838545
TUC,epsilon,1.8560305003109547,-0.0006749257538195629,-4.088428833475116
TUC,zeta,1.7928304269092998,0.1573776461875883,-3.8390873051844854
TUC,beta,1.9584063977289246,0.2713156986688138,-3.8747299483951485
TUC,gamma,2.0592811154914696,-0.3869339493869546,-3.3837912769838545
TUC,alpha,1.2777766678041538,-0.6060500067165691,-2.4743666212940556
TUC,,,,
TUC,delta,1.739970059370757,-0.7447037805619314,-4.049545711769419
TUC,gamma,2.0592811154914696,-0.3869339493869546,-3.3837912769838545
TUC,,,,
TRA,alpha,-0.2114965672430908,-0.6574203082965356,-1.802211902159032
TRA,beta,-0.6582139521172671,-1.0863057041050752,-2.5401366716117746
TRA,epsilon,-0.9638476437361725,-1.3353836798259056,-3.7546968116372392
TRA,gamma,-0.6790969251088749,-0.8015905597893561,-2.6922815493117094
TRA,alpha,-0.2114965672430908,-0.6574203082965356,-1.802211902159032
TRA,,,,
TEL,epsilon,0.15408783668624113,-3.145873469879042,-3.2558619519409224
TEL,alpha,0.28576528900511117,-2.4159251276410445,-2.516275815015601
TEL,delta,0.47555491792247667,-3.41073867430247,-3.555729069495759
TEL,iota,1.3153798477835112,-2.9817789870783966,-3.6322403456080323
TEL,eta,1.0368157049405955,-2.742044525183492,-4.099732310273412
TEL,lambda,0.7650779536368288,-2.933682196700799,-4.013609908002977
TEL,zeta,0.33870702733697183,-2.6780072157326065,-3.1125479758738894
TEL,epsilon,0.15408783668624113,-3.145873469879042,-3.2558619519409224
